{"train/loss": 0.8893, "train/learning_rate": 2.874646559849199e-06, "train/epoch": 3.0, "train/global_step": 3183, "_timestamp": 1713045069.665256, "_runtime": 596.7586181163788, "_step": 12, "eval/loss": 0.8942075967788696, "eval/runtime": 21.7924, "eval/samples_per_second": 166.939, "eval/steps_per_second": 20.879, "train/train_runtime": 597.6756, "train/train_samples_per_second": 42.6, "train/train_steps_per_second": 5.326, "train/total_flos": 3372932881935360.0, "train/train_loss": 0.9351722892260275}