{"train/loss": 0.0659, "train/learning_rate": 2.0000000000000003e-06, "train/epoch": 3.0, "train/global_step": 9375, "_timestamp": 1712847634.994838, "_runtime": 4093.225634098053, "_step": 36, "eval/loss": 0.3706384301185608, "eval/runtime": 150.1984, "eval/samples_per_second": 166.447, "eval/steps_per_second": 20.806, "train/train_runtime": 4035.8676, "train/train_samples_per_second": 18.583, "train/train_steps_per_second": 2.323, "train/total_flos": 9935054899200000.0, "train/train_loss": 0.18778692525227864}