{"train/loss": 0.0652, "train/learning_rate": 2.0000000000000003e-06, "train/epoch": 3.0, "train/global_step": 9375, "_timestamp": 1712949773.9215715, "_runtime": 4100.255373477936, "_step": 36, "eval/loss": 0.371783584356308, "eval/runtime": 151.0239, "eval/samples_per_second": 165.537, "eval/steps_per_second": 20.692, "train/train_runtime": 4103.4332, "train/train_samples_per_second": 18.277, "train/train_steps_per_second": 2.285, "train/total_flos": 9935054899200000.0, "train/train_loss": 0.18951775309244792}